{
    "Objects": [
        {
            "name": "Truck_01_Covered",
            "pos": [
                5269.5966796875,
                379.94488525390627,
                4753.77001953125
            ],
            "ypr": [
                87.93789672851563,
                0.15942178666591645,
                -0.0037221740931272508
            ],
            "scale": 1.0000007152557374,
            "enableCEPersistency": 0
        }
    ]
}